{"binary_accuracy": [0.5350000262260437, 0.5975000262260437, 0.6478124856948853, 0.6865624785423279, 0.703125, 0.7387499809265137, 0.7490624785423279, 0.7653124928474426, 0.7815625071525574, 0.8012499809265137, 0.8221874833106995, 0.8340625166893005, 0.8487499952316284, 0.8618749976158142, 0.8696874976158142, 0.9009374976158142, 0.9087499976158142, 0.9178125262260437, 0.9237499833106995, 0.9196875095367432], "loss": [0.757020115852356, 0.6635968089103699, 0.6307441592216492, 0.5936936736106873, 0.5762798190116882, 0.5368402600288391, 0.5105637907981873, 0.4843413531780243, 0.4591679871082306, 0.44279852509498596, 0.3882707357406616, 0.37978947162628174, 0.3418939709663391, 0.324183851480484, 0.3017455041408539, 0.24242442846298218, 0.229688361287117, 0.2181558459997177, 0.20169219374656677, 0.19549153745174408], "val_binary_accuracy": [0.5799999833106995, 0.5724999904632568, 0.6474999785423279, 0.675000011920929, 0.7074999809265137, 0.7137500047683716, 0.7225000262260437, 0.7350000143051147, 0.7350000143051147, 0.7574999928474426, 0.7537500262260437, 0.737500011920929, 0.7674999833106995, 0.7637500166893005, 0.7637500166893005, 0.768750011920929, 0.7699999809265137, 0.7799999713897705, 0.7862499952316284, 0.7774999737739563], "val_loss": [0.6900395154953003, 0.6924213171005249, 0.6158483624458313, 0.6114454865455627, 0.5675612688064575, 0.5724610686302185, 0.5633950233459473, 0.5651067495346069, 0.5658342838287354, 0.531085193157196, 0.560067892074585, 0.5358021855354309, 0.549655020236969, 0.5768817067146301, 0.6140279769897461, 0.5745304226875305, 0.5609567761421204, 0.5804303884506226, 0.6037090420722961, 0.6042630076408386], "learning_rate": [0.0010000000474974513, 0.0010000000474974513, 0.0010000000474974513, 0.0010000000474974513, 0.0010000000474974513, 0.0010000000474974513, 0.0010000000474974513, 0.0010000000474974513, 0.0010000000474974513, 0.0010000000474974513, 0.0010000000474974513, 0.0010000000474974513, 0.0010000000474974513, 0.0010000000474974513, 0.0010000000474974513, 0.0005000000237487257, 0.0005000000237487257, 0.0005000000237487257, 0.0005000000237487257, 0.0005000000237487257]}