{"binary_accuracy": [0.5221874713897705, 0.5246875286102295, 0.5821874737739563, 0.6025000214576721, 0.6293749809265137, 0.6503124833106995, 0.6549999713897705, 0.6753125190734863, 0.6946874856948853, 0.698437511920929, 0.7184374928474426, 0.7371875047683716, 0.7578125, 0.7562500238418579, 0.7528125047683716, 0.7674999833106995, 0.7959374785423279, 0.8190624713897705, 0.8190624713897705, 0.8253124952316284, 0.854687511920929, 0.8512499928474426, 0.8521875143051147, 0.8709375262260437, 0.8606250286102295, 0.8725000023841858, 0.8731250166893005, 0.8828125, 0.8934375047683716, 0.9012500047683716], "loss": [0.697124719619751, 0.6912376284599304, 0.6751393675804138, 0.6681110858917236, 0.6509430408477783, 0.6359893679618835, 0.6294397115707397, 0.6093302369117737, 0.588227391242981, 0.583920419216156, 0.5553033947944641, 0.5399881601333618, 0.5079972743988037, 0.5160553455352783, 0.5084465146064758, 0.4856692850589752, 0.44155362248420715, 0.4040718972682953, 0.39858996868133545, 0.3837568759918213, 0.3457522690296173, 0.34703102707862854, 0.33083996176719666, 0.3025778532028198, 0.3181912899017334, 0.3011678159236908, 0.30337363481521606, 0.2847152650356293, 0.2662374973297119, 0.25175467133522034], "val_binary_accuracy": [0.5537499785423279, 0.6037499904632568, 0.6524999737739563, 0.6299999952316284, 0.6499999761581421, 0.6700000166893005, 0.6424999833106995, 0.668749988079071, 0.7300000190734863, 0.7275000214576721, 0.7350000143051147, 0.737500011920929, 0.7699999809265137, 0.75, 0.7524999976158142, 0.7637500166893005, 0.7774999737739563, 0.7612500190734863, 0.7887499928474426, 0.7912499904632568, 0.8050000071525574, 0.7925000190734863, 0.8025000095367432, 0.8025000095367432, 0.8087499737739563, 0.8162500262260437, 0.8100000023841858, 0.7912499904632568, 0.8212500214576721, 0.8199999928474426], "val_loss": [0.6911230683326721, 0.6773581504821777, 0.6511788368225098, 0.6645386219024658, 0.6280779242515564, 0.6237037777900696, 0.6369425058364868, 0.6031692624092102, 0.5630214810371399, 0.5674353837966919, 0.5367710590362549, 0.5130313634872437, 0.48550015687942505, 0.5191046595573425, 0.5116234421730042, 0.5011884570121765, 0.4643985629081726, 0.4978407919406891, 0.48210781812667847, 0.4697985351085663, 0.4691162407398224, 0.46365782618522644, 0.4642329812049866, 0.46843159198760986, 0.4601075351238251, 0.4649620056152344, 0.4668692648410797, 0.4759819805622101, 0.4666041135787964, 0.4764920473098755], "learning_rate": [0.0010000000474974513, 0.0010000000474974513, 0.0010000000474974513, 0.0010000000474974513, 0.0010000000474974513, 0.0010000000474974513, 0.0010000000474974513, 0.0010000000474974513, 0.0010000000474974513, 0.0010000000474974513, 0.0010000000474974513, 0.0010000000474974513, 0.0010000000474974513, 0.0010000000474974513, 0.0010000000474974513, 0.0010000000474974513, 0.0005000000237487257, 0.0005000000237487257, 0.0005000000237487257, 0.0005000000237487257, 0.0002500000118743628, 0.0002500000118743628, 0.0002500000118743628, 0.0002500000118743628, 0.0002500000118743628, 0.0002500000118743628, 0.0002500000118743628, 0.0002500000118743628, 0.0001250000059371814, 0.0001250000059371814]}