{"binary_accuracy": [0.5165625214576721, 0.5290625095367432, 0.5531250238418579, 0.5525000095367432, 0.5771874785423279, 0.5878124833106995, 0.5796874761581421, 0.606249988079071, 0.598437488079071, 0.6021875143051147, 0.5884374976158142, 0.5793750286102295, 0.6006249785423279, 0.6256250143051147, 0.6356250047683716, 0.6328125, 0.6384375095367432, 0.6428124904632568, 0.6612499952316284, 0.6737499833106995, 0.6709374785423279, 0.6678125262260437, 0.6643750071525574, 0.6790624856948853, 0.6753125190734863, 0.6837499737739563, 0.6993749737739563, 0.6928125023841858, 0.7131249904632568, 0.7215625047683716, 0.7131249904632568, 0.7184374928474426, 0.7212499976158142, 0.7281249761581421, 0.739062488079071, 0.7456250190734863, 0.7478125095367432, 0.7340624928474426, 0.739062488079071, 0.75, 0.754687488079071, 0.768750011920929, 0.768750011920929, 0.7637500166893005, 0.7731249928474426, 0.7837499976158142, 0.7731249928474426, 0.7790625095367432, 0.7862499952316284, 0.8068749904632568], "loss": [5.723831653594971, 0.8897665143013, 0.6974839568138123, 0.678119957447052, 0.6791167259216309, 0.6787069439888, 0.6677618622779846, 0.6690853238105774, 0.6605257391929626, 0.7122048139572144, 0.6893609762191772, 0.6802460551261902, 0.6537063717842102, 0.6332399845123291, 0.6263045072555542, 0.6259979605674744, 0.6206741333007812, 0.6080261468887329, 0.6055217385292053, 0.6048534512519836, 0.593533456325531, 0.6038416624069214, 0.5961554646492004, 0.5961741209030151, 0.6071831583976746, 0.5882144570350647, 0.5644423961639404, 0.5615131258964539, 0.5465543866157532, 0.547575056552887, 0.5461605787277222, 0.5523501038551331, 0.5254628658294678, 0.5322070717811584, 0.5216419696807861, 0.5193025469779968, 0.5175188183784485, 0.5182294845581055, 0.5163143873214722, 0.5073137283325195, 0.5014699697494507, 0.4920330047607422, 0.4972258508205414, 0.484086811542511, 0.47140610218048096, 0.45676299929618835, 0.4488271474838257, 0.4539068937301636, 0.44215816259384155, 0.4153074324131012], "val_binary_accuracy": [0.5375000238418579, 0.4925000071525574, 0.5337499976158142, 0.6237499713897705, 0.6187499761581421, 0.6225000023841858, 0.6549999713897705, 0.5412499904632568, 0.6725000143051147, 0.5487499833106995, 0.6487500071525574, 0.6200000047683716, 0.6949999928474426, 0.6887500286102295, 0.6862499713897705, 0.6937500238418579, 0.7212499976158142, 0.6962500214576721, 0.7162500023841858, 0.6762499809265137, 0.7287499904632568, 0.7250000238418579, 0.7400000095367432, 0.668749988079071, 0.7524999976158142, 0.737500011920929, 0.7637500166893005, 0.7737500071525574, 0.7637500166893005, 0.7599999904632568, 0.7462499737739563, 0.7649999856948853, 0.7850000262260437, 0.7699999809265137, 0.7737500071525574, 0.7900000214576721, 0.78125, 0.8174999952316284, 0.7537500262260437, 0.824999988079071, 0.8237500190734863, 0.8037499785423279, 0.8125, 0.8037499785423279, 0.8224999904632568, 0.8412500023841858, 0.8324999809265137, 0.8374999761581421, 0.8299999833106995, 0.8512499928474426], "val_loss": [0.8332487344741821, 1.0889241695404053, 0.6894781589508057, 0.6474601626396179, 0.6523216962814331, 0.6364872455596924, 0.6278635263442993, 0.722293496131897, 0.6051061749458313, 0.6787131428718567, 0.6483078002929688, 0.6440988183021545, 0.6053434610366821, 0.5777591466903687, 0.5737863779067993, 0.5776501297950745, 0.5729607939720154, 0.5684078335762024, 0.5656242966651917, 0.5785186290740967, 0.5536198616027832, 0.5528589487075806, 0.521230936050415, 0.5665674805641174, 0.5474749207496643, 0.5323979258537292, 0.5142492651939392, 0.48796677589416504, 0.4850163161754608, 0.4812690317630768, 0.4972451329231262, 0.4781351387500763, 0.46781814098358154, 0.4791935980319977, 0.4851267635822296, 0.4614582359790802, 0.45703956484794617, 0.4173225462436676, 0.47116270661354065, 0.40120914578437805, 0.39815109968185425, 0.424834668636322, 0.40247029066085815, 0.42220771312713623, 0.3727279305458069, 0.3648515045642853, 0.38784629106521606, 0.37071362137794495, 0.38851138949394226, 0.3503272533416748], "learning_rate": [0.0010000000474974513, 0.0010000000474974513, 0.0010000000474974513, 0.0010000000474974513, 0.0010000000474974513, 0.0010000000474974513, 0.0010000000474974513, 0.0010000000474974513, 0.0010000000474974513, 0.0010000000474974513, 0.0010000000474974513, 0.0010000000474974513, 0.0005000000237487257, 0.0005000000237487257, 0.0005000000237487257, 0.0005000000237487257, 0.0005000000237487257, 0.0005000000237487257, 0.0005000000237487257, 0.0005000000237487257, 0.0005000000237487257, 0.0005000000237487257, 0.0005000000237487257, 0.0005000000237487257, 0.0005000000237487257, 0.0005000000237487257, 0.0002500000118743628, 0.0002500000118743628, 0.0002500000118743628, 0.0002500000118743628, 0.0002500000118743628, 0.0002500000118743628, 0.0002500000118743628, 0.0002500000118743628, 0.0002500000118743628, 0.0002500000118743628, 0.0002500000118743628, 0.0002500000118743628, 0.0002500000118743628, 0.0002500000118743628, 0.0002500000118743628, 0.0002500000118743628, 0.0002500000118743628, 0.0002500000118743628, 0.0001250000059371814, 0.0001250000059371814, 0.0001250000059371814, 0.0001250000059371814, 0.0001250000059371814, 6.25000029685907e-05]}