{"binary_accuracy": [0.7353125214576721, 0.7356250286102295, 0.7393749952316284, 0.7512500286102295, 0.7506250143051147, 0.753125011920929, 0.7406250238418579, 0.7674999833106995, 0.7574999928474426, 0.7718750238418579, 0.7803124785423279, 0.7706249952316284], "loss": [0.5429604053497314, 0.5283426642417908, 0.5340254902839661, 0.5036726593971252, 0.5156099796295166, 0.5031149387359619, 0.5065486431121826, 0.47899672389030457, 0.49843165278434753, 0.48651808500289917, 0.4646848738193512, 0.480678915977478], "val_binary_accuracy": [0.8062499761581421, 0.7962499856948853, 0.8025000095367432, 0.8100000023841858, 0.793749988079071, 0.8100000023841858, 0.8212500214576721, 0.8212500214576721, 0.8162500262260437, 0.8100000023841858, 0.8087499737739563, 0.8112499713897705], "val_loss": [0.45284566283226013, 0.44274818897247314, 0.44192466139793396, 0.43029507994651794, 0.4501596689224243, 0.43162813782691956, 0.4201718866825104, 0.4245111048221588, 0.43011191487312317, 0.4311111867427826, 0.425409734249115, 0.43423259258270264], "learning_rate": [0.0001250000059371814, 0.0001250000059371814, 0.0001250000059371814, 0.0001250000059371814, 0.0001250000059371814, 0.0001250000059371814, 0.0001250000059371814, 0.0001250000059371814, 0.0001250000059371814, 0.0001250000059371814, 6.25000029685907e-05, 6.25000029685907e-05]}