{"binary_accuracy": [0.49781250953674316, 0.5171874761581421, 0.5037500262260437, 0.5071874856948853, 0.5065624713897705, 0.5306249856948853, 0.5043749809265137, 0.49656251072883606, 0.510937511920929], "loss": [0.7003670334815979, 0.6933739185333252, 0.6946837902069092, 0.6927737593650818, 0.6931399703025818, 0.6918664574623108, 0.6932059526443481, 0.6933751702308655, 0.693011999130249], "val_binary_accuracy": [0.53125, 0.5575000047683716, 0.5, 0.5550000071525574, 0.5649999976158142, 0.5, 0.5, 0.5, 0.5], "val_loss": [0.6925376653671265, 0.6924922466278076, 0.6930923461914062, 0.6906625628471375, 0.6918304562568665, 0.6933696866035461, 0.6931512951850891, 0.6931501626968384, 0.6931545734405518], "learning_rate": [0.0010000000474974513, 0.0010000000474974513, 0.0010000000474974513, 0.0010000000474974513, 0.0010000000474974513, 0.0010000000474974513, 0.0010000000474974513, 0.0005000000237487257, 0.0005000000237487257]}